query,id,published,likes,replies,content,author_title,author_image,author_channel,author_is_verified,author_is_creator,author_is_artist
https://www.youtube.com/watch?v=9_fs7YTqj9k,UgwxtKgZU7p4c37Zx-l4AaABAg,1 day ago,6,1,The focus of each employee was impressive. Porsche has always been the epitome of excellence.,@bartosullivan8050,https://yt3.ggpht.com/ytc/AIdro_lMtuGKCWnpT3VP59Fjzqb477gMOsisw922DnJJWwZL4g=s88-c-k-c0x00ffffff-no-rj,https://www.youtube.com/channel/UCEc1YrsN5_vtri8REu0e8RQ,FALSE,FALSE,FALSE
https://www.youtube.com/watch?v=9_fs7YTqj9k,Ugyvs2aPpzFPoQQ75yt4AaABAg,5 months ago,43,1,Very nice factory tour! It's just the perfect amount of voiceover to let one know what's going on without talking over the ambient factory noises. Makes it very calming to watch!,@simshady,https://yt3.ggpht.com/ytc/AIdro_nValrgKF5oWCMTqsxGIUL2uUaeiwyxeU_InGbqX0kQbqQ=s88-c-k-c0x00ffffff-no-rj,https://www.youtube.com/channel/UCUN5wqIO0lZIK4j34CXOGTA,FALSE,FALSE,FALSE
https://www.youtube.com/watch?v=9_fs7YTqj9k,UgyxMyDzYwHDf1dkOe54AaABAg,2 weeks ago,6,,If Ferdinand Porsche come back to life and visit this assembly line even he will be impressed.,@GingerSpy2,https://yt3.ggpht.com/ytc/AIdro_kfO-gjeF0olcxnj8DxFZBgS35wbgr2bO5UHXUiLAw=s88-c-k-c0x00ffffff-no-rj,https://www.youtube.com/channel/UCuIFVP18P8PWiAznbaotHEw,FALSE,FALSE,FALSE
https://www.youtube.com/watch?v=9_fs7YTqj9k,UgwKkbzv6aaEe6BT-MB4AaABAg,2 weeks ago,8,,Am obsessed with 911z I think it�s the most beautiful car ever built. One day I will get one,@Valadamukazem,https://yt3.ggpht.com/JIzar4Sm-pTcXD1df9zt0mxCKj4dboUbWG8dv7S5lnnGRQYaf4o_cUbEWZbshLa_A-2Rgv-CPQ=s88-c-k-c0x00ffffff-no-rj,https://www.youtube.com/channel/UCp8yDpsG8wKLY1THICHfJfw,FALSE,FALSE,FALSE
https://www.youtube.com/watch?v=9_fs7YTqj9k,Ugx1zRJDD9gjsnDr3pF4AaABAg,4 months ago,27,1,"The saddlery is definitely the most skilled part of the process. The precise embroidery of the leather sections with the perfect stitching and look at the steps involved in making the central armrest,",@robcousins231,https://yt3.ggpht.com/ytc/AIdro_mq4k5iaAPARdEgHyyyjcRvd50qZURg9dzqkp9AE1XFpA=s88-c-k-c0x00ffffff-no-rj,https://www.youtube.com/channel/UCQRwlqZHNHBrp3qNpULgaGg,FALSE,FALSE,FALSE
https://www.youtube.com/watch?v=9_fs7YTqj9k,Ugyc0ELX0zKqavCX6Pd4AaABAg,3 months ago,15,3,Porsches aren�t cars: they�re Art!,@honestabe1940,https://yt3.ggpht.com/ytc/AIdro_npcUR6XsdtEyWk5O0DUPbiBwaX_JeUikuODvjwubz_UpOPbxUG2HLiUrAGCHsdKbjT0g=s88-c-k-c0x00ffffff-no-rj,https://www.youtube.com/channel/UCbqJuCOY681kh9a5rwrmCvw,FALSE,FALSE,FALSE
https://www.youtube.com/watch?v=9_fs7YTqj9k,UgynafRAHQInqaP8_V14AaABAg,10 days ago,3,,"Imagine throwing away 100 years of beautiful innovation --- and replacing it with a BATTERY, no one wants",@etfbit,https://yt3.ggpht.com/jCXLnAl-7bOPsi_AwLRQaXsMz4GlZ-xoI9ierunEkpAR85blSFlDtdeNzgqNzaqE5d4R_2On6g=s88-c-k-c0x00ffffff-no-rj,https://www.youtube.com/channel/UC01jpiQFS-ZNEAN3PLzTFSA,FALSE,FALSE,FALSE
https://www.youtube.com/watch?v=9_fs7YTqj9k,UgxSwg3Mcg6eDicaS5l4AaABAg,3 months ago,23,1,"Just beautiful, I would love to own one of these masterpieces someday!",@jojoglemond,https://yt3.ggpht.com/ytc/AIdro_kQ6gWISz5vwKysURxf3VVhObDu3lg_oswuaW08OLFbWw=s88-c-k-c0x00ffffff-no-rj,https://www.youtube.com/channel/UCJQkZGa4xEZ0ls97V6nwcyg,FALSE,FALSE,FALSE
https://www.youtube.com/watch?v=9_fs7YTqj9k,UgzaZ3ait_y72Wwx5JV4AaABAg,3 months ago,18,2,I could watch this all day. I'm obsessed with this car and its manufacturing process. Hope to get mine soon!,@senatorlainez,https://yt3.ggpht.com/ytc/AIdro_kGlNPn80mycdbGbpJks2tMTh5jrpkBSODVnpkHBsqhh9s0=s88-c-k-c0x00ffffff-no-rj,https://www.youtube.com/channel/UC3-JvqJDpuVxBiT_j8azCNA,FALSE,FALSE,FALSE
https://www.youtube.com/watch?v=9_fs7YTqj9k,UgyZ8MeolUnBXjZFJfV4AaABAg,3 weeks ago,3,,This is what I call a German ???? engineering masterpiece.,@oluwatoniayodele7920,https://yt3.ggpht.com/ytc/AIdro_lyIDPD5df2pZ3UfzaS3BntDgppa6D6dYG22KdUrfAP3H8=s88-c-k-c0x00ffffff-no-rj,https://www.youtube.com/channel/UCVMMbVraamWItigv_gytxsg,FALSE,FALSE,FALSE
https://www.youtube.com/watch?v=9_fs7YTqj9k,Ugz8eiqjtFAVnImYmRl4AaABAg,4 months ago,22,2,WITH COMBUSTION ENGINES ONLY. COMBUSTION ENGINES FOREVER.,@stavrospapadopoulos-fb8vp,https://yt3.ggpht.com/ytc/AIdro_lu2GvO15oLoFqtmkrWoInS2HA3EvUIuYaSEl5ezEb8Gvc30M1jhmQ3R_ZkJAHMGki_Pw=s88-c-k-c0x00ffffff-no-rj,https://www.youtube.com/channel/UCEkDLtOC_t5c33KMPtZf_FQ,FALSE,FALSE,FALSE
https://www.youtube.com/watch?v=9_fs7YTqj9k,Ugw00i6tr0wjnQuJw4x4AaABAg,3 days ago,2,,The best and most beautiful car I've ever owned?,@francoiswintermans7502,https://yt3.ggpht.com/ytc/AIdro_laoHJQg-n_An94bJD6j3ILXycSdvBx0YXfxlXWtc1Mr2V3bk0SO228QvSY7VRnLoNjdg=s88-c-k-c0x00ffffff-no-rj,https://www.youtube.com/channel/UCmvUI_8iYV_On9_gmrFhIug,FALSE,FALSE,FALSE
https://www.youtube.com/watch?v=9_fs7YTqj9k,UgwR-aBAWdeyP6MvLwJ4AaABAg,3 weeks ago,1,,"17:50 minutes de bonheur.
Comme un enfant devant un dessin anim�...
Impressionnant balais de robots et de personnes r�ellement passionn�s avec un savoir-faire d'horloger.
Et oui un jour , j'en aurai une...pas seulement pour mon plaisir mais pour faire hommage � toutes les personnes qui ont et qui font perdur�s a mon avis la plus belle m�canique sur quatres roues.
Merci pour votre superbe reportage.",@philippe8552,https://yt3.ggpht.com/OFD631AebOxRFtu9pjXNkhGF18GyfP6iOkAKxNAxxhpT3qE5W2HcV1K4_MFzHPX-FLtLiBQ_Ug=s88-c-k-c0x00ffffff-no-rj,https://www.youtube.com/channel/UCaMmtpZN4AU67wXlzAVXMSg,FALSE,FALSE,FALSE
https://www.youtube.com/watch?v=9_fs7YTqj9k,Ugz3PO5yNmXAHovXZ5Z4AaABAg,14 hours ago,1,,Every thing I saw in this video was ridiculous and overkill. I love it!,@labatomi,https://yt3.ggpht.com/kFGhz4C94ff78iVaTde-Ig61T96YlWWvNXkj3djl7cd94RIe-2iNO13Y7L8Nrzs6fgMPxeUzlj0=s88-c-k-c0x00ffffff-no-rj,https://www.youtube.com/channel/UCUZ84bajF9x2o1IrxgA4imQ,FALSE,FALSE,FALSE
https://www.youtube.com/watch?v=9_fs7YTqj9k,UgwDek6ry8KAwt29sIN4AaABAg,4 months ago,9,,Glorious ?,@AbdullahAhmed-sg2rf,https://yt3.ggpht.com/a11GAA5pfzF9vuDLDjj20k5RGQMcurGXlm7CtXGA3aTZn-VzO81bCPC_MT027whlx_0EP2kf8g=s88-c-k-c0x00ffffff-no-rj,https://www.youtube.com/channel/UCtR4TnsOQo_381hAF51Hj_g,FALSE,FALSE,FALSE
https://www.youtube.com/watch?v=9_fs7YTqj9k,UgzXNKJ6VFBiqL4hL5t4AaABAg,8 days ago,1,,0:46 he can work on my crank shaft anytime!  Guten Tag! ????,@minigiant8998,https://yt3.ggpht.com/ytc/AIdro_kAQS6CAAfs-WDKaD2lNu4LRPhwoK_VpTbeyN0VqmOsuQ=s88-c-k-c0x00ffffff-no-rj,https://www.youtube.com/channel/UCjUrE8vPsbaDQF66-Mu-jqA,FALSE,FALSE,FALSE
https://www.youtube.com/watch?v=9_fs7YTqj9k,UgyrN9S_e7B_5PMt0qh4AaABAg,1 month ago (edited),2,,7:25 the perfect use of electric vehicles: To move Porsche internal combustion engines within the factory. ?,@donatellodiclemente7527,https://yt3.ggpht.com/ytc/AIdro_lsSBcIaW_z7jeDwuNK5y_JzScY6ZcwrgE4Bay4wj1-qtUc=s88-c-k-c0x00ffffff-no-rj,https://www.youtube.com/channel/UCB4HfL_JOLZj3dYaPpALqzA,FALSE,FALSE,FALSE
https://www.youtube.com/watch?v=9_fs7YTqj9k,Ugy_N0r2VKwJmWCkB_14AaABAg,1 month ago,1,,"Visited the museum a few years ago. Incredible. Drove past all the blocks where they make the cars, pretty cool.",@danielzimnoch1020,https://yt3.ggpht.com/ytc/AIdro_nd9CUTH_vUS6yLFfCh_EH5NHiIQaskwp1Eiz_BGHeJdhT6LRhIGrQvmGbeGa18USPkig=s88-c-k-c0x00ffffff-no-rj,https://www.youtube.com/channel/UCtNqIWRJfcEyXYLNZ-rALgA,FALSE,FALSE,FALSE
https://www.youtube.com/watch?v=9_fs7YTqj9k,Ugy6vGXfcYpea13A_8l4AaABAg,1 month ago,4,2,"mind-blowing, I cannot comprehend even how smart those people who built these facilities",@qpwoeiruty108,https://yt3.ggpht.com/4lDWTyjfF7SnWeOJfi3dFkBrrRvR5ZA0NGVDsLZPVguBT761AgsuA8d3O7k90PlLCS4q1Iqo=s88-c-k-c0x00ffffff-no-rj,https://www.youtube.com/channel/UCS9u6jKPnwaRAHd0GwRDlBg,FALSE,FALSE,FALSE
https://www.youtube.com/watch?v=9_fs7YTqj9k,UgxxNNkcdhKF3blr-Ll4AaABAg,16 hours ago,1,,That was truly fascinating to watch the whole process! Bravo to all involved! ??????????????????,@nigeldewallens1115,https://yt3.ggpht.com/FSjOP0di3mijgQWSRx7AnGegSz4l_WuYIyqK0snvitnfqOGCinmE7OMSGYO6bvanpvWQZVc5JA=s88-c-k-c0x00ffffff-no-rj,https://www.youtube.com/channel/UCYIGbipIJXbaGw7aQOWKP-A,FALSE,FALSE,FALSE
https://www.youtube.com/watch?v=9_fs7YTqj9k,Ugzq_KlLgzfWoJOqLdh4AaABAg,2 months ago,7,1,Porsche 911� the absolute best sports car!,@ibeunstoppable,https://yt3.ggpht.com/ytc/AIdro_ls5mFlMfBmHhSa7aZdR3YhNCLZJzRISQuzTaVHwtD3PA=s88-c-k-c0x00ffffff-no-rj,https://www.youtube.com/channel/UC1n4V6MsUu5DyqOSgoAty7g,FALSE,FALSE,FALSE
https://www.youtube.com/watch?v=9_fs7YTqj9k,UgwKyCgpsoZajGknikB4AaABAg,5 months ago,15,2,"?? Featured: 
0:42 Engine assembly
7:39 body shop
11:54 paint shop
18:06 saddlery
26:51 dashboard install
29:14 installation of the windshield and panoramic roof
30:09 installation of headlights
30:48 drivetrain
32:41 wedding drivetrain to body
33:43 final assembly
36:20 quality check
37:00 Zuffenhausen facility",@CarsBOOM,https://yt3.ggpht.com/YrVg45XDyNfqCPbav0rc3vmUsmvtobYxZGbfO_G4e-jMztZgO07_Q3fG7ZMAqp-3UOs4E7Xrow=s88-c-k-c0x00ffffff-no-rj,https://www.youtube.com/channel/UC0flZJIclTtCfTS3G7aAVRw,TRUE,TRUE,FALSE
https://www.youtube.com/watch?v=9_fs7YTqj9k,Ugw3UfOdOiI6yiVb98t4AaABAg,2 months ago,1,,I�m buying one: I like the quality and performance!,@constitutionalist1528,https://yt3.ggpht.com/ytc/AIdro_njv5bj96nXZPdVSGWFsAya7ecRhM4u_78FX5cOyq1Aefxs0LYhy-CVDYRCpSNnYeaQwA=s88-c-k-c0x00ffffff-no-rj,https://www.youtube.com/channel/UCIYD94tn-b3gD-eKMoVUYKA,FALSE,FALSE,FALSE
https://www.youtube.com/watch?v=9_fs7YTqj9k,UgytmcGIWonnrHtJZhh4AaABAg,4 months ago,7,1,I got choked up watching this - where's my tissue?,@jlwutk70,https://yt3.ggpht.com/ytc/AIdro_nbnIwyYsF5KGzS2pWd-Bbv2zgtWKXIXYtKtnh9Q669BzQAGM9gxLELfbqgp3aEheu7BQ=s88-c-k-c0x00ffffff-no-rj,https://www.youtube.com/channel/UCgP5pUUWxWLT21MmZgcLBIw,FALSE,FALSE,FALSE
https://www.youtube.com/watch?v=9_fs7YTqj9k,UgwkAOluIb1T9H7rE914AaABAg,11 days ago,1,,"very satisfying video tour, I liked it so much :goodvibes:",@milan1991feb,https://yt3.ggpht.com/zt8DfTN7w1cqsT9Do94X_WZY2ozSutht7aCI20Krww35IB6JxseURNapfwM-elclKMuJunxSxg=s88-c-k-c0x00ffffff-no-rj,https://www.youtube.com/channel/UCSUeashHPP6uKJs5f13oXGQ,FALSE,FALSE,FALSE
https://www.youtube.com/watch?v=9_fs7YTqj9k,Ugz16d7SRJkKRU5BBsh4AaABAg,1 month ago,2,,911 turbo S is my dream car. I will take the Porsche any time over McLaren and other cars.,@mysteriousu5528,https://yt3.ggpht.com/ytc/AIdro_mU3SzQmieXA-q-j3lBLlRUDTnbErXA8E0X_ZyHR0U=s88-c-k-c0x00ffffff-no-rj,https://www.youtube.com/channel/UC3pTEf4jk72946VAroQCOLA,FALSE,FALSE,FALSE
https://www.youtube.com/watch?v=9_fs7YTqj9k,UgwP9nol4lB42y1COHZ4AaABAg,2 months ago,1,,If I could it has always been the one I would.,@steadfastandyx4947,https://yt3.ggpht.com/ytc/AIdro_mU7fiNJmTtUAz52iUDL7-QLJdJp7wje1tZRhDgXkwsag=s88-c-k-c0x00ffffff-no-rj,https://www.youtube.com/channel/UCXa-pjH83FACinubDHBp_vg,FALSE,FALSE,FALSE
https://www.youtube.com/watch?v=9_fs7YTqj9k,Ugwc_0RB9l3w4xy0xTt4AaABAg,2 months ago,2,,"Amazing, I never understood the excellence of the Porsche 911, now I do!",@bobing6861,https://yt3.ggpht.com/ytc/AIdro_nmB3fh2ZUrbUo4h9JBQREdUON_kRGY73s44ues5-E=s88-c-k-c0x00ffffff-no-rj,https://www.youtube.com/channel/UCOC385AWx4pMUZHE-C7uvMg,FALSE,FALSE,FALSE
https://www.youtube.com/watch?v=9_fs7YTqj9k,UgwvTNThmbXjV-5mx-R4AaABAg,4 months ago,11,,17:25 How do I become a professional 911 petter ?,@ulyssehahang5181,https://yt3.ggpht.com/toR8QxmOuK-R_eq40X2qyaNsWbEq94m1SchAnJB0EWAsOy6BnkRsiRJIBALAORB2hPua61XtVPI=s88-c-k-c0x00ffffff-no-rj,https://www.youtube.com/channel/UCt2L5gbTUdQKgpNCnng7xag,FALSE,FALSE,FALSE
https://www.youtube.com/watch?v=9_fs7YTqj9k,UgzI9z8h_YoH-v2gk2t4AaABAg,1 month ago,1,,I can do this all day!,@WupaLupa-1,https://yt3.ggpht.com/ytc/AIdro_mfP_r2fZSmbauvEQC0kdW_K2GMw9jmMWOvxBPG1f4=s88-c-k-c0x00ffffff-no-rj,https://www.youtube.com/channel/UCOIAsBUtOwAlrBuju_Wm8iQ,FALSE,FALSE,FALSE
https://www.youtube.com/watch?v=9_fs7YTqj9k,UgxCwdR3P3JQMmQ049R4AaABAg,3 weeks ago,1,,"Celebrating over 75 years of production in Zuffenhausen, the plant remains the beating heart of Porsche, symbolizing a legacy that combines automotive excellence with relentless innovation.",@THEMAKINGG,https://yt3.ggpht.com/i_Lw66qM-ZIsdrbkxgyEko-m1eGtlEO0FkEvePkjF4-OdKetiLfjc292O3VDXt66G_JZguLpjA=s88-c-k-c0x00ffffff-no-rj,https://www.youtube.com/channel/UCz7PXIiUtLSqC8fKaJlUxcA,FALSE,FALSE,FALSE
https://www.youtube.com/watch?v=9_fs7YTqj9k,Ugza36DaC6KBi-RnCHF4AaABAg,2 months ago,4,1,You won't see UAW guys at the Ford plant putting in this kind of effort.,@danielsmith7023,https://yt3.ggpht.com/ytc/AIdro_knkIcImFc6jLBzVzUgccoxPB2NVVJICNcQCW2DKPo=s88-c-k-c0x00ffffff-no-rj,https://www.youtube.com/channel/UCZObGfPgG2H8-7G_PjnDcTg,FALSE,FALSE,FALSE
https://www.youtube.com/watch?v=9_fs7YTqj9k,UgxMwUoGD8d41RKBfyt4AaABAg,2 weeks ago,1,,One of my dream car??,@walu2446,https://yt3.ggpht.com/ytc/AIdro_mrjO9OGCV3s4KL5FAO-JkZCuMMdHk-I8doHCLmp6C9osfz_JqGDDAT1lwVBwdRzZ35_w=s88-c-k-c0x00ffffff-no-rj,https://www.youtube.com/channel/UCIFITxwhPaY3F2KjSZfx2fQ,FALSE,FALSE,FALSE
https://www.youtube.com/watch?v=9_fs7YTqj9k,Ugzn39YknKJxHWr80w54AaABAg,13 days ago,1,,Fantastic,@alexgonzales7505,https://yt3.ggpht.com/ytc/AIdro_nh6ZhWQJ2pXp6ICZazqBx0EfYPTRwxUD-_P4KziOVxB4A=s88-c-k-c0x00ffffff-no-rj,https://www.youtube.com/channel/UCPPaItpxs3s6qnaSMs7iASA,FALSE,FALSE,FALSE
https://www.youtube.com/watch?v=9_fs7YTqj9k,UgxXuGgR8B_TvNN-oo94AaABAg,3 months ago,6,,no durka durka or Sha'mika types.. looks like a pleasant and calm working environment.,@danger_ointment,https://yt3.ggpht.com/ytc/AIdro_kUSqB9_0cB2Xfe_iVPBhI9OS8Uah1pHjKRdzYH99xrZWzqtEzY1q1LlszdYWYsWdNFaA=s88-c-k-c0x00ffffff-no-rj,https://www.youtube.com/channel/UCcrvYQzvgR-asb1LgJWdpgw,FALSE,FALSE,FALSE
https://www.youtube.com/watch?v=9_fs7YTqj9k,UgwpQltC1UBEJUjWDJR4AaABAg,3 months ago,1,,Beautiful! Someday 911 s,@courtlandacklin1985,https://yt3.ggpht.com/amOmswJ58On8JGcbBgmfXddyApT160fW_J3PU6YsrHrwHkGF10w-3iNN4-6cAxYNYW1Ekz_XDg=s88-c-k-c0x00ffffff-no-rj,https://www.youtube.com/channel/UCk8ptNGPy3N6HMOj3W7GAeg,FALSE,FALSE,FALSE
https://www.youtube.com/watch?v=9_fs7YTqj9k,UgxS1NwpZ_JNpMMXjlp4AaABAg,1 month ago,1,,Amazing ??,@prashanthshera6745,https://yt3.ggpht.com/ytc/AIdro_nIKmikWMeTqPmeaFAA8SpjMDeruiWEAm1IWnajX_nl1JaxFV0JFLK_6jKqCmQr57HqKQ=s88-c-k-c0x00ffffff-no-rj,https://www.youtube.com/channel/UCRAif1yMMI99UdlSLTh-xqw,FALSE,FALSE,FALSE
https://www.youtube.com/watch?v=9_fs7YTqj9k,Ugx-A1m38emqKI4TItB4AaABAg,5 months ago,2,,??? ???? ?????? ????????,@Ksamotorsopc,https://yt3.ggpht.com/QWLhuIXfRr5VvL-q6LwEl7n-EPEjFOHVw-tMmF8zSotE6K30JF8vPPxYyHaSbOp4m2d2Scpw=s88-c-k-c0x00ffffff-no-rj,https://www.youtube.com/channel/UCaRPspLBkufJVt3UhTtSNdw,FALSE,FALSE,FALSE
https://www.youtube.com/watch?v=9_fs7YTqj9k,UgxoLD6h5i2ZLUqRcTl4AaABAg,2 months ago,1,,The beautiful car.,@NurulIslam-ro2ke,https://yt3.ggpht.com/ytc/AIdro_nqG5kNb9WDoM5cFrNSQr9fzliieK8lWbCqB52t7OKShdvcGjZ-DNkPlowQu3IE1MHYgQ=s88-c-k-c0x00ffffff-no-rj,https://www.youtube.com/channel/UCl8g4hp8H8SyOkdnlavcf0A,FALSE,FALSE,FALSE
https://www.youtube.com/watch?v=9_fs7YTqj9k,UgyIJxjqs9PdXgPK7jh4AaABAg,2 months ago (edited),1,1,I don�t like the fact that the exhaust shape is attached to the bumber giving the effect of a big exhaust but it�s a charade. I know this is not just Porsche but world wide .,@stevebrayne2609,https://yt3.ggpht.com/ytc/AIdro_k1ZxEaTzmp2O_9rC8APqSqSKEmvZn9Su8XAv3Yh0E=s88-c-k-c0x00ffffff-no-rj,https://www.youtube.com/channel/UCdEby8BzGf2kRCoYQeOMCfQ,FALSE,FALSE,FALSE
https://www.youtube.com/watch?v=9_fs7YTqj9k,Ugzwmsf4oo3zhyxJ51p4AaABAg,3 months ago,2,,The robots look alive??,@kensteffes6712,https://yt3.ggpht.com/ytc/AIdro_mOC0J8AB_j5Raafoztktq0Z1TCHUdV48MPZespQew=s88-c-k-c0x00ffffff-no-rj,https://www.youtube.com/channel/UCE0UVFqPjRa_YVY4d276Nww,FALSE,FALSE,FALSE
https://www.youtube.com/watch?v=9_fs7YTqj9k,Ugytr7c5KvNe4AWT8jN4AaABAg,11 days ago,1,,"Ich liebe Pr�zision , deutsche Genauigkeit. Das Fahrerlebnis Porsche ist wie eine Luxus Rakete auf der Stra�e !!!????",@norbertbrinkmann1966,https://yt3.ggpht.com/JzYqys3DERvBPtbjyIRzc2dnUUpQ3uk1pW0OPx57lcpv57TbUpK85Vqr9Y36djhGP2IRsHj4tQ=s88-c-k-c0x00ffffff-no-rj,https://www.youtube.com/channel/UCOiZi6qkfEqWJKWON6_8v1Q,FALSE,FALSE,FALSE
https://www.youtube.com/watch?v=9_fs7YTqj9k,UgxupwOgjqTq0LcOKb54AaABAg,4 months ago,4,,Perfect Engeenaring hard worker guys everybody work design of one any car superbly wow finishing,@StalhaTalha,https://yt3.ggpht.com/w870-sZXdkVfP0Z4B48fO5OIrxOL2u7pyHp9P4EiLcum8WMtLnBKqeaCgd9IvzrgrBCIqXbV=s88-c-k-c0x00ffffff-no-rj,https://www.youtube.com/channel/UCV9YA1PGTFg-XURY_jp0mXQ,FALSE,FALSE,FALSE
https://www.youtube.com/watch?v=9_fs7YTqj9k,UgwnR0t6dAmOP1N1u7d4AaABAg,2 months ago,1,,engineering at its finnest. love this kind of documentary,@AlessandroRicci-l3b9z,https://yt3.ggpht.com/b51M2CotE_S2qwjQxqXkPzs6Ty2njIYBLFefYQwKaE9p8Gq8oiAE51G61LjSnZQF334gNMH_jg=s88-c-k-c0x00ffffff-no-rj,https://www.youtube.com/channel/UCnmSaR-JruMZfxiLDNeg9vA,FALSE,FALSE,FALSE
https://www.youtube.com/watch?v=9_fs7YTqj9k,Ugz0Jmd3n2H7ll2OFM14AaABAg,4 months ago,2,,I like and love? it,@tajamulshah-i5v,https://yt3.ggpht.com/ytc/AIdro_ldcqIjk3u_wRvCk5k-D5jf9XUJ7ofgOrQepsay8Y-kubvPWVEhgpZuPf-DU0EM_N3Y9Q=s88-c-k-c0x00ffffff-no-rj,https://www.youtube.com/channel/UCsyS5v6ZdvYVsWP9V1SCiDQ,FALSE,FALSE,FALSE
https://www.youtube.com/watch?v=9_fs7YTqj9k,UgxWoN08pFgSEIrwNBJ4AaABAg,1 month ago,2,,almost got a job there in the '70's. No work permit as an American otherwise would have been hired. Wish I had !,@roberttripp2544,https://yt3.ggpht.com/ytc/AIdro_mfbIsSGY29m2c8S7BiwcNlMuEXhmNBcvjYd3JPyo4=s88-c-k-c0x00ffffff-no-rj,https://www.youtube.com/channel/UC2SRPmmcNGWgY8tlxhwmrbg,FALSE,FALSE,FALSE
https://www.youtube.com/watch?v=9_fs7YTqj9k,Ugz-C7m6zi2WOWciBNl4AaABAg,3 months ago,32,4,I want to know who's their barber,@MotionScientific,https://yt3.ggpht.com/bQfRUNJovDnuVWUKnn6Ly-bDMK4eWXu0vGkA1BNS5lftMZOHjg6MyDAvH8oTCnte0M4iA5qxVmE=s88-c-k-c0x00ffffff-no-rj,https://www.youtube.com/channel/UCSrTZW-pApcZMvV3BuPgoFA,FALSE,FALSE,FALSE
https://www.youtube.com/watch?v=9_fs7YTqj9k,Ugz-omB92MNS7BGTGUJ4AaABAg,5 months ago,3,,??????????,@?????-?5?6?,https://yt3.ggpht.com/ytc/AIdro_mmv54DtZh8eOenD0fNGnqOwfrfkcOyQEOsgaIxjmUn0vQ=s88-c-k-c0x00ffffff-no-rj,https://www.youtube.com/channel/UC7tUZ7dR1yrbpDjlKN-pQwA,FALSE,FALSE,FALSE
https://www.youtube.com/watch?v=9_fs7YTqj9k,Ugzjth0PeSSrUw2anAB4AaABAg,1 month ago,1,,Wow ??,@pankajbishtrajput,https://yt3.ggpht.com/r41bfs1c2KlvB1NC53pUt_VQGhxN3KBZjhF2TSvrSVl5i9k_nISWF37dTp41pNSP7wUe0u_wqw=s88-c-k-c0x00ffffff-no-rj,https://www.youtube.com/channel/UCUqhahxJpMleIfue5CRwdOg,FALSE,FALSE,FALSE
https://www.youtube.com/watch?v=9_fs7YTqj9k,Ugyg4_17jbmw2tCpK314AaABAg,1 month ago,1,1,hand crafted!,@betrue-845,https://yt3.ggpht.com/ytc/AIdro_lqybv1ymmQZzV-g7nROuYqYvRtqWJrzgIBL02smStPjjYqrzc547dVBcr4Ak5lP7MDAg=s88-c-k-c0x00ffffff-no-rj,https://www.youtube.com/channel/UCqxy-tiMu0BATzQQ3UEkquA,FALSE,FALSE,FALSE
https://www.youtube.com/watch?v=9_fs7YTqj9k,UgxdY3mzDc28yovNZkZ4AaABAg,1 month ago,3,4,"I�ve owned two Porsche 911s in my life. But honestly, they seem like anachronisms now, in the era of high performance electric cars. A Tesla model 3 has a 0-60 time of 2.9 seconds. And�.it can drive itself if you want it to. No gas, no engine maintenance. ?",@philterzian9162,https://yt3.ggpht.com/K-UNYhoS12dT3QW7Q9LciHq6V-DRZF6gdf47zGOZRxrLSG5JEOuDXURoqDOwjBIukorhpDQEHA=s88-c-k-c0x00ffffff-no-rj,https://www.youtube.com/channel/UCLG_ZVrQvITK4mKfC3laHLA,FALSE,FALSE,FALSE
https://www.youtube.com/watch?v=9_fs7YTqj9k,UgyAkzlAALitypAKvbR4AaABAg,2 weeks ago,1,,????? ??? ????? ?? ???? ??????? ??? ??? ?? ?? ????,@????-?5,https://yt3.ggpht.com/qSXk7QpXWxkxkAr7cQS8sr8w8mDdrMnSZB2S6BWUYGugwtgIwAU_UXZC6DEuY9Elb-VzKOd7jQ=s88-c-k-c0x00ffffff-no-rj,https://www.youtube.com/channel/UCE8jm2HeKxWSz3i4TqWzpvg,FALSE,FALSE,FALSE
https://www.youtube.com/watch?v=9_fs7YTqj9k,UgzLAx9NdHudh28DvL54AaABAg,1 month ago,1,,17:00 I was expecting them to hold each others hands and fall in love  ;p,@RahulPrakash3,https://yt3.ggpht.com/ytc/AIdro_kNn6ML5JlhLrSoExrtw_OWTxjwv-pPPh8GhTrE49w-bzrwzJrjG1FoMdgRo3BUt4v3Gw=s88-c-k-c0x00ffffff-no-rj,https://www.youtube.com/channel/UCnHlDRvS5sZ5BjbfrYcLq-g,FALSE,FALSE,FALSE
https://www.youtube.com/watch?v=9_fs7YTqj9k,UgzyL2F8ak6hJQpNFn14AaABAg,2 weeks ago,1,2,I will work here one day,@RichardIfeanyi-d8j,https://yt3.ggpht.com/ytc/AIdro_l3eSdJrs9xkcAFM7kExUd2KzasO2x_y1BOcwBOQFRsO4jhq02GQpbHzLNdWF64M9fNlQ=s88-c-k-c0x00ffffff-no-rj,https://www.youtube.com/channel/UCv2yhty_j2Afup9UEGq09Qg,FALSE,FALSE,FALSE
https://www.youtube.com/watch?v=9_fs7YTqj9k,Ugx-Ng6vLJIDIjwdRTJ4AaABAg,1 month ago,1,,Nice,@Arashkhodadaddd,https://yt3.ggpht.com/SulhoDCjIMB-7kgs59qfi3GhtI27w8XZ3SQ85PR6CTDo_bvknfd1xzzQ8Yz2syQ7KkvJnWhWzQ=s88-c-k-c0x00ffffff-no-rj,https://www.youtube.com/channel/UCEFgaRxgVVYSNEK70XGrmBg,FALSE,FALSE,FALSE
https://www.youtube.com/watch?v=9_fs7YTqj9k,UgyCYSH9Nrl7pWFMnYN4AaABAg,1 month ago,2,,I'm glad to see diversity in the workforce.,@donsicariofx,https://yt3.ggpht.com/ytc/AIdro_l0DUdxEX21czSNEjPg1WmEDvygJXSACsjzmY6GjcN4gWcRDE3X6Anb70DtjYOUCRa2CA=s88-c-k-c0x00ffffff-no-rj,https://www.youtube.com/channel/UCwOYh_eQy4_P36ogzk832zQ,FALSE,FALSE,FALSE
https://www.youtube.com/watch?v=9_fs7YTqj9k,Ugzoy4pUFiNlcauHBXN4AaABAg,2 months ago,2,,"Sou,Do, Brasil, Brasileiro,sou, pintor automotivo, � adorei essa, obra,de, arte, muito poderosa, muito, linda,undia,ainda, vou ter poder,,para,ter, um dese,",@FabioDomingos-i2x,https://yt3.ggpht.com/ytc/AIdro_ls0vhWs4kqy-095ZwSEOKuRHtVtFFeSy6EKZThk5nR5Rjjb1uecFchqRpuGMVIzmHYcw=s88-c-k-c0x00ffffff-no-rj,https://www.youtube.com/channel/UCflNEF0UzDo3sm8bUd4lf6g,FALSE,FALSE,FALSE
https://www.youtube.com/watch?v=9_fs7YTqj9k,UgzwuxNPYnKxGo_z-Ip4AaABAg,3 weeks ago,1,,A German masterpiece.,@dharmaambesa2730,https://yt3.ggpht.com/ytc/AIdro_mWc5-fTWJsH5n_5bv0fjBHle3eaaHlUqOWuyfTDmsHSAE=s88-c-k-c0x00ffffff-no-rj,https://www.youtube.com/channel/UCKsY4Z2afQQSN7pYIKhwMPg,FALSE,FALSE,FALSE
https://www.youtube.com/watch?v=9_fs7YTqj9k,Ugx-7l99X074BcRw0VJ4AaABAg,3 months ago,2,,"Quality is better! Mostly automated and each part is assembled exactly like the last! Little chance for human error during assembly!",@yongkim777,https://yt3.ggpht.com/ytc/AIdro_mq8cSn9awmV0kGBu_TqUz_TzJYcfe9aJddLaScf9nSM2w=s88-c-k-c0x00ffffff-no-rj,https://www.youtube.com/channel/UCDhCqKbTHardFtVPhYihcYA,FALSE,FALSE,FALSE
https://www.youtube.com/watch?v=9_fs7YTqj9k,Ugz4n66OFhI4P5dFokt4AaABAg,4 months ago,2,,"C�est bon ! Maintenant que j�ai vu comment il faut faire ??� je vais pouvoir m�en faire une . Manque juste un peu de mat�riel, mais o. Va se d�brouiller ??",@DidierHUMBERT-ig7tf,https://yt3.ggpht.com/ytc/AIdro_k65DZsAHQBUnAuOxSZT7r9fAk4iy8_eNYr_aT6LrBfoCwrcS85Lh9VOPaGRI17GotdtA=s88-c-k-c0x00ffffff-no-rj,https://www.youtube.com/channel/UCCrsj9cLVT57caqvkNDDdkw,FALSE,FALSE,FALSE
https://www.youtube.com/watch?v=9_fs7YTqj9k,UgyAVUYG-iFDbg7Npsd4AaABAg,3 months ago,2,,"You know Porsche has forgot more about turbo changing than most companies will ever know , first to do it and perfect it",@jewelsharris4059,https://yt3.ggpht.com/ytc/AIdro_kLvqs-fqVhIc1WKeXUF8g0Ugs0Etv1r4E8FIB9NLo=s88-c-k-c0x00ffffff-no-rj,https://www.youtube.com/channel/UC3gbwiCLfZCIhz1IEZUr0Jg,FALSE,FALSE,FALSE
https://www.youtube.com/watch?v=9_fs7YTqj9k,Ugzdq2-pC0GRk56RJ5x4AaABAg,1 month ago,1,,Engenheira alem� � surreal.,@sandrobertte,https://yt3.ggpht.com/TUeqj8IyN0RKtQpCeeKbufO8m-5EjS6sbIyVNpBfqGSq4NYTCz9mVe9V-Eb5mzG_I0R-z444=s88-c-k-c0x00ffffff-no-rj,https://www.youtube.com/channel/UCpY3ltHpmL7epsdN-mbW1Gg,FALSE,FALSE,FALSE
https://www.youtube.com/watch?v=9_fs7YTqj9k,UgxVknqNF3cUra6ELe54AaABAg,5 months ago,3,,What do you do for work? I put on MJ's glove and caress the painted metal shell of Porches.,@fixerve7761,https://yt3.ggpht.com/ytc/AIdro_nTB6eAcSTHJDW-vhv8en4b9fe8lVkE2fJm4k1M89SGJA=s88-c-k-c0x00ffffff-no-rj,https://www.youtube.com/channel/UChSTNls7maoD4rGJznsUgpw,FALSE,FALSE,FALSE
https://www.youtube.com/watch?v=9_fs7YTqj9k,UgxVpk3hxYvw90drFcl4AaABAg,1 month ago,1,,Love Europe?????????,@Dustparticle000,https://yt3.ggpht.com/LMSDft4-swpWyXMVcw8vZ8dyroYyFW8uCl2cSTPD2u199T45u_QXkHSFJu_dasxfTD4OVAJg9Q=s88-c-k-c0x00ffffff-no-rj,https://www.youtube.com/channel/UCUgvH33D4jNJVgLgHT2VfxQ,FALSE,FALSE,FALSE
https://www.youtube.com/watch?v=9_fs7YTqj9k,Ugw6aEefK9tQ1uMwLUh4AaABAg,3 months ago (edited),2,,"no assembly lube on engine parts, all dry assembly?",@nohandle242,https://yt3.ggpht.com/ytc/AIdro_mJWnsy-4D0HHK7e70lAjKZZtXkBBcCBOJGArgGB83flQAgJc3mP46709hKr12KPbfx0A=s88-c-k-c0x00ffffff-no-rj,https://www.youtube.com/channel/UCtLGU5s3W2E8sNfXfFZMTaQ,FALSE,FALSE,FALSE
https://www.youtube.com/watch?v=9_fs7YTqj9k,UgwQ5wb43Q12tZAic5V4AaABAg,1 month ago,1,,Any chance you got a spare one of those just laying around in need of a forever home  ?,@jamesallday5309,https://yt3.ggpht.com/ytc/AIdro_lVNxi4oCK7RH5lvZSZshedfWPpKN0nk6sPfzDMlOI=s88-c-k-c0x00ffffff-no-rj,https://www.youtube.com/channel/UCPicmi50I7oxHQg5vqyXQQg,FALSE,FALSE,FALSE
https://www.youtube.com/watch?v=9_fs7YTqj9k,UgyO9lessHhe9kwXv3N4AaABAg,4 days ago,1,,Porche 911c est une voiture excellente et tree ch�re,@AbdellahHarouchi,https://yt3.ggpht.com/ytc/AIdro_lImVEFshLCzwKPwsKil_wI44W3fLO5VgHisdM_-Jtm5ZMsPSMXFTRot9-tSU3zW38Ftw=s88-c-k-c0x00ffffff-no-rj,https://www.youtube.com/channel/UCwiudZva5vlN4_udKwB7icw,FALSE,FALSE,FALSE
https://www.youtube.com/watch?v=9_fs7YTqj9k,UgxWIbf8bHQtWUCVKb14AaABAg,1 month ago,1,,Mostly 15 or 20 people are really doing hard work to put efforts into making a car ? it happens in every car manufacturing company but the result is a ??we need a more stunning look ??,@vijayrajan5889,https://yt3.ggpht.com/ytc/AIdro_kT0IqtOmXpdtFie8P0x98qrJz9kcldmCupNPOvWp9a2UN8863NdoSc1f-MBxFQkj9lBQ=s88-c-k-c0x00ffffff-no-rj,https://www.youtube.com/channel/UCVefjVfzMxS_6fxnvK7rJ-g,FALSE,FALSE,FALSE
https://www.youtube.com/watch?v=9_fs7YTqj9k,UgwNvs3AaC5LG1yI_ot4AaABAg,2 months ago,2,1,"The script screams ""written by ChatGPT""",@MintDrift,https://yt3.ggpht.com/YYqIW04BPrvevo1PHER1L6sQqWuXPu9hd70BPPumXqSAWIEfEeX4pNfQ09Y3nhrzUoOyFCDP8w=s88-c-k-c0x00ffffff-no-rj,https://www.youtube.com/channel/UCYhogDgVnHVSicIxMNunIjQ,FALSE,FALSE,FALSE
https://www.youtube.com/watch?v=9_fs7YTqj9k,Ugy9xMiuK2y5ou_azxd4AaABAg,4 months ago,1,,????????,@ioannovichful,https://yt3.ggpht.com/ytc/AIdro_kHiU2Nwq_xYyBG6LH4U3baO0l2FH8B9_OcRUELi4w=s88-c-k-c0x00ffffff-no-rj,https://www.youtube.com/channel/UCLDCy5dcS0MHCc_Q2RE9RBw,FALSE,FALSE,FALSE
https://www.youtube.com/watch?v=9_fs7YTqj9k,UgwtEKFa8DihulPNB-14AaABAg,1 month ago,1,,look at this Company   this Company is Strong.  there  Army  of workers  are not distracted,@victoriacorner4400,https://yt3.ggpht.com/ytc/AIdro_n5L4Rq7me_oh1otAJtdk_3xfCYqKrhUaIC_v25VgGnvCI=s88-c-k-c0x00ffffff-no-rj,https://www.youtube.com/channel/UCFuTj-OKpMTbNW1Mr8xETzw,FALSE,FALSE,FALSE
https://www.youtube.com/watch?v=9_fs7YTqj9k,Ugx8LGA0g6v2ctmKIB54AaABAg,22 hours ago,2,,i love porsche better than a lambo or a ferrarri????,@fathernsontv2446,https://yt3.ggpht.com/KfpyE-jQ49uN_kY0oqn5OZO_rWXOcrxQGKeAoObIxVc9VrWWKDaz5Zm4cOkt72QQMUcMgYMQbQ=s88-c-k-c0x00ffffff-no-rj,https://www.youtube.com/channel/UCNdiETtoS9wXWvFYE4oPbmQ,FALSE,FALSE,FALSE
https://www.youtube.com/watch?v=9_fs7YTqj9k,UgxgiGIWiN2DQ_UCQC94AaABAg,3 months ago (edited),1,2,It�s a shame! All these  highly skilled engineers will be lost when everything goes electric! Who needs an engineer with a battery?,@Twister2005,https://yt3.ggpht.com/I4cc_ESXAN4NzfC1gIBVriBHCvBWClBb4_3Rq3lSG4LZaUbFNy4t8730XQx0wDwCnAJJ8nHq=s88-c-k-c0x00ffffff-no-rj,https://www.youtube.com/channel/UCZms8_JDRN14QwtXksqZudA,FALSE,FALSE,FALSE
https://www.youtube.com/watch?v=9_fs7YTqj9k,Ugwp4FUPvARqkS2HdxB4AaABAg,1 day ago,2,,Did I just saw a woman and a color person there??,@Edwin777-z9x,https://yt3.ggpht.com/ytc/AIdro_mAG3FczchXjH9Kea9-6MDdl4ONTkTJch7JWOkdD_-D=s88-c-k-c0x00ffffff-no-rj,https://www.youtube.com/channel/UCfRyKwPJvOH9IZStAP-H88w,FALSE,FALSE,FALSE
https://www.youtube.com/watch?v=9_fs7YTqj9k,Ugz0PbkFb9bW78pILwR4AaABAg,5 months ago,3,,????????????,@sajadnoori1976,https://yt3.ggpht.com/cWu8s46E4TNe_itCvS2PIpqlf0GxOJwr-87W4VqOn6Pnph28NjfvbA5RZkndO6akq8zaNys5zA=s88-c-k-c0x00ffffff-no-rj,https://www.youtube.com/channel/UChY5Q7ENTkQwqabj3qzmnag,FALSE,FALSE,FALSE
https://www.youtube.com/watch?v=9_fs7YTqj9k,UgwqevaiYhlXssxOW754AaABAg,3 weeks ago,1,,i saw mr beast working there 0.22 second of the video haahaa,@Christophertys,https://yt3.ggpht.com/ytc/AIdro_mDZngoH84Si-oR8hJvHHYLlMK198mI1JP-SOtjbD8lPA=s88-c-k-c0x00ffffff-no-rj,https://www.youtube.com/channel/UCnCIBJ1JckYDWSWDiSimWYg,FALSE,FALSE,FALSE
https://www.youtube.com/watch?v=9_fs7YTqj9k,Ugxwhh-WoNuNgdAHtEF4AaABAg,4 weeks ago,1,,It's perfect until they to have to inspect the car with their own hands. Why they don't develop a big car scanner,@SpatialModels,https://yt3.ggpht.com/XO2fYbkJ_1FYPzvzgkmv1K0sGcNV1kBaQCaUvyYq1OXQLMp0jMZxjPzWxvePkl-71Gg13l8gfw=s88-c-k-c0x00ffffff-no-rj,https://www.youtube.com/channel/UCaPNow0tJm0Zmch5Cde3qJg,FALSE,FALSE,FALSE
https://www.youtube.com/watch?v=9_fs7YTqj9k,UgyUFBmcpQpvoOgvg0t4AaABAg,2 months ago,1,,"0:42 Engine assembly
7:39 body shop
11:54 paint shop
18:06 saddlery
26:51 dashboard install
29:14 installation of the windshield and panoramic roof
30:09 installation of headlights
30:48 drivetrain
32:41 wedding drivetrain to body
33:43 final assembly
36:20 quality check
37:00 Zuffenhausen facility",@KrameNaj,https://yt3.ggpht.com/ytc/AIdro_k9UxnvSEs8JwuJDQ-mV6u1Ei1FmVZ81IqmMkbvtyEEUuGBEHgOsXdETp1IQUaanB9mRA=s88-c-k-c0x00ffffff-no-rj,https://www.youtube.com/channel/UCHsVTK1cfVUecjDb6exd5UA,FALSE,FALSE,FALSE
https://www.youtube.com/watch?v=9_fs7YTqj9k,Ugw3T8aZ2qp8ts_zvCN4AaABAg,3 weeks ago,1,,We all know what Porsche did during WW2...,@flashflame4952,https://yt3.ggpht.com/ytc/AIdro_nYHJNfhebSckSiUr_fHAKz9mkPcxh2pQOrrs0Te-c=s88-c-k-c0x00ffffff-no-rj,https://www.youtube.com/channel/UC__4JnQuFOgF7USuaQiY2Zg,FALSE,FALSE,FALSE
https://www.youtube.com/watch?v=9_fs7YTqj9k,UgzOb84veRIVgJ38-C14AaABAg,1 month ago,1,,????? ???? ??? ?????? ???? ??? ????? ??????,@Azeez0005,https://yt3.ggpht.com/pyGrI27ZOVq9K3hJgcAlXhd2Qj9NeLIJ5v3p3ZAFLA4opUCDJgw16LkROMPk-1MHvjbjUbgFkA=s88-c-k-c0x00ffffff-no-rj,https://www.youtube.com/channel/UCU3LQpOuVdeSnlj8MpD26Jg,FALSE,FALSE,FALSE
https://www.youtube.com/watch?v=9_fs7YTqj9k,Ugx2gmLzY61xHAI4wcd4AaABAg,4 months ago,6,10,"Porsche has become a mass product. They produce 1,000 Porsches every day, so it's easy to imagine that the quality isn't as good as it used to be.",@lenny108,https://yt3.ggpht.com/ytc/AIdro_n_AxDWtl5621Lb0lzRC8miv8FvQC6xbJRCpRtXg0qsug=s88-c-k-c0x00ffffff-no-rj,https://www.youtube.com/channel/UCN-gjtJRwSz6Q_hfMCcDPww,FALSE,FALSE,FALSE
https://www.youtube.com/watch?v=9_fs7YTqj9k,UgwroogBWC0Ay9i-vDp4AaABAg,3 months ago,1,,Thank you for pronounce the name Porsche right,@derlissi9754,https://yt3.ggpht.com/ytc/AIdro_m2w8xaK_JbKDOKyspQ__hd5lP0nxg9g7UUiLDDFvM=s88-c-k-c0x00ffffff-no-rj,https://www.youtube.com/channel/UC-3rMaShQEvOvNz6HXMox1w,FALSE,FALSE,FALSE
https://www.youtube.com/watch?v=9_fs7YTqj9k,UgwGvWrixmksePVjsux4AaABAg,4 months ago,1,1,Build more GT3s and Ts,@kenfreiberg6302,https://yt3.ggpht.com/ytc/AIdro_mMRZqW-rGk4zFxJX1Y727maf3Jm-uBWti1MJja_jg=s88-c-k-c0x00ffffff-no-rj,https://www.youtube.com/channel/UCuITa8IBAvPYDZJOs-JNh3Q,FALSE,FALSE,FALSE
https://www.youtube.com/watch?v=9_fs7YTqj9k,Ugw7iMIO_1o5m09bzSp4AaABAg,2 months ago,1,,VERY  FINE  DEEP  CHEKE  VERY  NICE,@bhushanjangle5075,https://yt3.ggpht.com/ytc/AIdro_lNohVgLfpDAHjd22vCoelYPa7Q0oQo6oswDXTvdGw=s88-c-k-c0x00ffffff-no-rj,https://www.youtube.com/channel/UCarrgKvIHQhQ9enf2wHtkrg,FALSE,FALSE,FALSE
https://www.youtube.com/watch?v=9_fs7YTqj9k,Ugy0bOHxmXzghprYm9l4AaABAg,1 month ago,1,,I m wondering how much they get paid monthly,@ArgesanuMihai,https://yt3.ggpht.com/wTaX14n180fImQ-c6rgsz9YqqqSt1qhGliIQZ3bYobxtwhWYnXJ66wYn64sEtqJkOT16jtVWdw=s88-c-k-c0x00ffffff-no-rj,https://www.youtube.com/channel/UCfDxrGdvURrDm85ORzybxZA,FALSE,FALSE,FALSE
https://www.youtube.com/watch?v=9_fs7YTqj9k,UgwVSzsF7PWpL7B_vYZ4AaABAg,1 month ago,1,,Zero Defect policy? How come year after year Porshe cars get HORRIBLE reliability ratings?,@larrylitmanen9877,https://yt3.ggpht.com/ytc/AIdro_mBeegFYPq0ngrhKw2Tch_RmBunFo_k5yx8kSdxJqTBjQ=s88-c-k-c0x00ffffff-no-rj,https://www.youtube.com/channel/UCyaWN4HiLfd89VOHlVLlfcA,FALSE,FALSE,FALSE
https://www.youtube.com/watch?v=9_fs7YTqj9k,UgxoMwekBlD8TLUk_794AaABAg,2 months ago,1,,Porsche made the decision to prioritize quantity over quality years ago. Sad to see what was once a storied car manufacturer.,@leeoswald9799,https://yt3.ggpht.com/ytc/AIdro_kM2VDcHg_i9XoYf9aRQvVcAmC5OAkovgTAndEqVT7sPvtFlQfPFf_68sae4KBciA7BbQ=s88-c-k-c0x00ffffff-no-rj,https://www.youtube.com/channel/UCAn0esXLkxhenM65aXIRfaQ,FALSE,FALSE,FALSE
https://www.youtube.com/watch?v=9_fs7YTqj9k,UgxAIE22ERly-MwhD914AaABAg,3 weeks ago,1,,I can afford only Cayene .(,@nikaberzina2478,https://yt3.ggpht.com/ytc/AIdro_kha02_9Ul-0i7-bVviA0vGlId-liZzPVQMGzeLqnUygpGthuE1DCRL-f9hmm6Y1aUYKw=s88-c-k-c0x00ffffff-no-rj,https://www.youtube.com/channel/UCLnygaA-RqzeHkS2cROTLPQ,FALSE,FALSE,FALSE
https://www.youtube.com/watch?v=9_fs7YTqj9k,UgzKmMVGT8NIOqmpsnF4AaABAg,1 month ago,1,,qro o meu ??,@DanceDancem-u7n,https://yt3.ggpht.com/ytc/AIdro_nZAu6CNvgm-JpBK4Fvb4J43W9ahyyxv8UD5UBhmyUbeRMORs1BrrOoUhSF1HHip9sZUg=s88-c-k-c0x00ffffff-no-rj,https://www.youtube.com/channel/UCYD09lmsESDaRbd9gJvHTAw,FALSE,FALSE,FALSE
https://www.youtube.com/watch?v=9_fs7YTqj9k,UgwHZO0s-O56qNGVr-Z4AaABAg,4 months ago,1,,??????????,@gerardoortiz2434,https://yt3.ggpht.com/ytc/AIdro_k4M5ju_oFxh2YXX4d2mbjETtwkGYXgG6jXJayXKvk=s88-c-k-c0x00ffffff-no-rj,https://www.youtube.com/channel/UClJgJLgWO2u4aDecOOkQCYg,FALSE,FALSE,FALSE
https://www.youtube.com/watch?v=9_fs7YTqj9k,UgyZm9jYWNO5huSmpch4AaABAg,2 months ago,1,,Good luck working on this shit later!! ??????.,@Leoneidas,https://yt3.ggpht.com/ytc/AIdro_mdwUXJh1Al-VSVrOjcDDOOyG6kn7NdSuTOJrIRHd8=s88-c-k-c0x00ffffff-no-rj,https://www.youtube.com/channel/UCiCUgeE9Z60SjS9-zns3JgA,FALSE,FALSE,FALSE
https://www.youtube.com/watch?v=9_fs7YTqj9k,UgxmXCkYEP6v3Moforl4AaABAg,1 month ago,1,,I mean.. putting a voiceover to someone else's video is not really cool. ??,@AlmightyFSM,https://yt3.ggpht.com/ytc/AIdro_kBpOHeD_mL7wUEPxy855kgck07CglgtiQ2LH5otjSy9g=s88-c-k-c0x00ffffff-no-rj,https://www.youtube.com/channel/UCLD6RPKWvUVemIkxa6mWcxQ,FALSE,FALSE,FALSE
https://www.youtube.com/watch?v=9_fs7YTqj9k,UgxsEv6fCUfXoahx_lV4AaABAg,3 weeks ago (edited),1,,23:00 the girl is over acting  :face-green-smiling::face-green-smiling::face-green-smiling::face-green-smiling::face-green-smiling::face-green-smiling::face-green-smiling::face-green-smiling::face-green-smiling::face-green-smiling::face-green-smiling::face-green-smiling::face-green-smiling::face-green-smiling:,@Time_Pass_7471,https://yt3.ggpht.com/a7dA4PcPNV5Iv0iYS9ZoxbeMNzR_3mn1vkbHBEyjA-KgPnNNqiRh_OrxuHfQBAOJuKttdlbolw=s88-c-k-c0x00ffffff-no-rj,https://www.youtube.com/channel/UCaD-zh7sw_3M189kvlVYv0w,FALSE,FALSE,FALSE
https://www.youtube.com/watch?v=9_fs7YTqj9k,UgzIWMCshewVegEoixF4AaABAg,5 months ago,3,7,The 2025 Porsche 911 vs The 2025 Ford Shelby,@rakhsiprayogo82,https://yt3.ggpht.com/dgCYU6mn4VAQ-zPSftaBGETvT9d0HIS4HDadX4BUxbaXSh0sYH0RWdydPTmYOz9FnF2wUyTg2A=s88-c-k-c0x00ffffff-no-rj,https://www.youtube.com/channel/UCnPaCr_a1fOeHm-QlL0Ur0w,FALSE,FALSE,FALSE
https://www.youtube.com/watch?v=9_fs7YTqj9k,UgzFIyt_0tteezwWbTx4AaABAg,2 months ago,2,,Voice over totally unnecessary.,@philbateson7966,https://yt3.ggpht.com/ytc/AIdro_l2m6xnQIkGIe085t1l3QKu9OLcA7ubGl9YcT6fJ4x_XnEE37zF6vFZuGyS8tIezkPGIA=s88-c-k-c0x00ffffff-no-rj,https://www.youtube.com/channel/UCi3bJSYX4H_fSaqinwNYBJA,FALSE,FALSE,FALSE
https://www.youtube.com/watch?v=9_fs7YTqj9k,UgypkC-7vRnjKEJka3Z4AaABAg,4 days ago,1,,Wait!  Am I seeing what I think I'm seeing?  NO ASSEMBLY LUBE upon engine assembly?  Wow Porsche I think I found your quality problem.,@henrymiecz8566,https://yt3.ggpht.com/ytc/AIdro_lJGxXhz5QSCJAwJrTE0kE1W3ojzo8O-L1NBBiRjz2UtZM=s88-c-k-c0x00ffffff-no-rj,https://www.youtube.com/channel/UCClIo3KJltVJExlxtjd7ugA,FALSE,FALSE,FALSE
https://www.youtube.com/watch?v=9_fs7YTqj9k,UgzZWEtV81bdq6xbGu94AaABAg,3 months ago,1,,Could you film a video on how Porsche incorporates engine oil leaks into all of there cars? That would be really interesting to learn about.,@ozzstars_cars,https://yt3.ggpht.com/ytc/AIdro_lx9WfmO6WTSnyUz4BQzHtaFL3xvsv_RxXRoraFrk7K4Q0=s88-c-k-c0x00ffffff-no-rj,https://www.youtube.com/channel/UCcN33-ckK8CCLucCBJJ1Q0w,FALSE,FALSE,FALSE
https://www.youtube.com/watch?v=9_fs7YTqj9k,UgyVv-Xq47ozmPnafCF4AaABAg,1 month ago,1,,Her?ey �ok g�zel ama b�t�n i?i robotlar yap?yor bu arabalar? kime satmay? d�?�n�yorlar robotlara m?.Niye hep �ok kar etmeyi d�?�n�yorlar y�netimide Robotlara verin onlar y�netsin.,@fikretmericaydin133,https://yt3.ggpht.com/ytc/AIdro_ms-cDLAB2oo30zHi3kCSSIkM1mtTvAqLNDtIxxUG3laOV3=s88-c-k-c0x00ffffff-no-rj,https://www.youtube.com/channel/UCc2O0YCshswLdAykmdk8HBg,FALSE,FALSE,FALSE
https://www.youtube.com/watch?v=9_fs7YTqj9k,UgxVjdie75TqYk_xw0p4AaABAg,3 months ago,1,,Now I want one!!!,@OMGWTFLOLSMH,https://yt3.ggpht.com/rnbNP1-XluRrT4l41T4tlrNio4ngF2SuPw579Y1NHMMiD-TcF4iyHb-MM0xqa-IngJY64fTD=s88-c-k-c0x00ffffff-no-rj,https://www.youtube.com/channel/UCoQkCTg8c0ZsgmBx9cUq18Q,FALSE,FALSE,FALSE
https://www.youtube.com/watch?v=9_fs7YTqj9k,UgxC2zZe1JfgXPPZKaF4AaABAg,2 months ago,1,,Direction is slow and lagging... presenting majestic of brand is average .. poor editing and BGM.... employees are serious face impressions... if it's great editing 15mts... video ... thanks,@rpworld5288,https://yt3.ggpht.com/ytc/AIdro_kBWtm-cGRWd6v1PrfRIRE5PH130nzA0wiRs5BHmb8EFYg=s88-c-k-c0x00ffffff-no-rj,https://www.youtube.com/channel/UCuCWwEJJj3h-h2UbG1uWfkg,FALSE,FALSE,FALSE